"0","# Add a column for the total number of goals scored in the match"
"0","avg_goals_by_nation <- team_data %>% "
"0","  select(tournament_id, match_date, team_name, goals_for, goals_against) %>%"
"0","  mutate(total_goals = goals_for + goals_against)"
"0",""
"0","# Extract year from match_date"
"0","avg_goals_by_nation$year <- year(avg_goals_by_nation$match_date)"
"0",""
"0","# Group the data by year and team_name and summarize to get the average number of goals scored per match"
"0","avg_goals_by_nation_over_time <- avg_goals_by_nation %>%"
"0","  group_by(year) %>%"
"0","  summarize(avg_goals = mean(total_goals))"
"0",""
"0","#Print"
"0","print(avg_goals_by_nation_over_time)"
