"0","#Select relevant columns and handle missing values"
"0","team_data <- read_csv(""data-csv/team_appearances.csv"") %>%"
"0","  select(tournament_id, match_date, team_name, goals_for, goals_against, goal_differential)"
"2","[1mRows: [22m[34m1800[39m [1mColumns: [22m[34m36[39m"
"2","[36m──[39m [1mColumn specification[22m [36m───────────────────────────────────────────────────────────────────────────────────────[39m
[1mDelimiter:[22m "",""
[31mchr[39m  (17): tournament_id, tournament_name, match_id, match_name, stage_name, group_name, stadium_id, stadiu...
[32mdbl[39m  (17): key_id, group_stage, knockout_stage, replayed, replay, home_team, away_team, goals_for, goals_ag...
[34mdate[39m  (1): match_date
[34mtime[39m  (1): match_time"
"2","
[36mℹ[39m Use `spec()` to retrieve the full column specification for this data.
[36mℹ[39m Specify the column types or set `show_col_types = FALSE` to quiet this message."
"0","  "
"0",""
"0","team_data$total_goals <- team_data$goals_for + team_data$goals_against"
"0",""
"0","#Extract year from match_date"
"0","team_data$year <- year(team_data$match_date)"
"0",""
"0","#Create a new data frame that shows the average number of goals scored per match for each nation"
"0","goals_per_nation <- team_data %>%"
"0","  group_by(year, team_name) %>%"
"0","  summarize(avg_score = mean(total_goals, na.rm = TRUE)) %>%"
"0","  bind_rows(team_data) %>%"
"0","  group_by(year, team_name) %>%"
"0","  summarize(avg_score = mean(avg_score))"
"2","`summarise()` has grouped output by 'year'. You can override using the `.groups` argument."
"2","`summarise()` has grouped output by 'year'. You can override using the `.groups` argument."
"0","#Count the number of matches played by each team"
"0","num_matches <- team_data %>%"
"0","  group_by(team_name) %>%"
"0","  summarize(num_matches = n()) %>% "
"0","  group_by(team_name) %>%"
"0","  summarize(num_matches = sum(num_matches))"
"0",""
"0","#Filter goals_per_match by number of matches played"
"0","goals_per_nation <- team_data %>%"
"0","  left_join(num_matches, by = c(""team_name"" = ""team_name"")) %>%"
"0","  print(goals_per_nation)"
