"0","library(lubridate)"
"2","Loading required package: timechange
"
"2","
Attaching package: ‘lubridate’

"
"2","The following objects are masked from ‘package:base’:

    date, intersect, setdiff, union

"
"0","# Select relevant columns and handle missing values"
"0","goals <- matches %>%"
"0","  select(match_date, home_team_name, away_team_name, home_team_score, away_team_score) %>%"
"0","  drop_na()"
"0",""
"0","# Extract year from match_date"
"0","goals$year <- year(goals$match_date)"
"0",""
"0","# Filter data to only include games where Brazil or Italy were involved"
"0","goals_filtered <- goals %>%"
"0","  filter(home_team_name %in% c(""Brazil"", ""Italy"") | away_team_name %in% c(""Brazil"", ""Italy""))"
"0",""
"0","# Create a new data frame that shows the average number of goals scored per match for each nation"
"0","goals_per_match <- goals_filtered %>%"
"0","  group_by(year, home_team_name) %>%"
"0","  summarize(avg_goals = mean(home_team_score + away_team_score)) %>%"
"0","  bind_rows(goals_filtered %>%"
"0","              group_by(year, away_team_name) %>%"
"0","              summarize(avg_goals = mean(home_team_score + away_team_score))) %>%"
"0","  group_by(year, home_team_name) %>%"
"0","  summarize(avg_goals = mean(avg_goals))"
"2","`summarise()` has grouped output by 'year'. You can override using the `.groups` argument."
"2","`summarise()` has grouped output by 'year'. You can override using the `.groups` argument."
"2","`summarise()` has grouped output by 'year'. You can override using the `.groups` argument."
"0","# Visualize the results"
"0","ggplot(goals_per_match, aes(year, avg_goals, color = home_team_name)) +"
"0","geom_line() +"
"0","theme(legend.position = ""bottom"")"
