"0","# Select relevant columns and handle missing values"
"0","avg_goals <- team_data %>%"
"0","  select(match_date, team_name, goals_for, goals_against, goal_differential)"
"0","  "
"0","avg_goals$total_goals <- avg_goals$goals_for + avg_goals$goals_against"
"0","  "
"0","# Count the number of matches played by each team"
"0","num_matches_by_nation <- avg_goals %>%"
"0","  group_by(team_name) %>%"
"0","  summarize(num_matches_by_nation = n()) %>% "
"0","  group_by(team_name) %>%"
"0","  summarize(num_matches_by_nation = sum(num_matches_by_nation))"
"0",""
"0",""
"0",""
"0","ggplot(num_matches_by_nation, aes(x = team_name, y = num_matches_by_nation)) +"
"0","geom_bar(stat = ""identity"") +"
"0","  ylab(""Number of matches"")+"
"0","  xlab(""Nation"")+"
"0","  ggtitle(""Matches played by nations"")+"
"0","  theme(axis.text.x = element_text(angle = 90, hjust = 1))"
