{"chunk_definitions":[{"row":17,"row_count":1,"visible":true,"expansion_state":0,"options":{"engine":"r","label":"setup","include":false},"document_id":"C759D41D","chunk_id":"csetup_chunk","chunk_label":"setup"},{"row":29,"row_count":1,"visible":true,"expansion_state":0,"options":{"engine":"r","label":"unnamed-chunk-313"},"document_id":"CEE99FF4","chunk_id":"cuvqhvfmqulqr","chunk_label":"unnamed-chunk-1"},{"row":33,"row_count":1,"visible":true,"expansion_state":0,"options":{"engine":"r","label":"unnamed-chunk-314"},"document_id":"CEE99FF4","chunk_id":"cr1bglf3xix60","chunk_label":"unnamed-chunk-2"},{"row":46,"row_count":1,"visible":true,"expansion_state":0,"options":{"engine":"r","label":"unnamed-chunk-333"},"document_id":"CEE99FF4","chunk_id":"c4jwldrmq1ygm","chunk_label":"unnamed-chunk-3"},{"row":62,"row_count":1,"visible":true,"expansion_state":0,"options":{"engine":"r","label":"unnamed-chunk-316"},"document_id":"CEE99FF4","chunk_id":"cqoxx8uz1nv67","chunk_label":"unnamed-chunk-4"},{"row":83,"row_count":1,"visible":true,"expansion_state":0,"options":{"engine":"r","label":"unnamed-chunk-335"},"document_id":"CEE99FF4","chunk_id":"cib3i33krbfe2","chunk_label":"unnamed-chunk-5"},{"row":109,"row_count":1,"visible":true,"expansion_state":0,"options":{"engine":"r","label":"unnamed-chunk-321"},"document_id":"CEE99FF4","chunk_id":"c9ifrksj2z1td","chunk_label":"unnamed-chunk-6"},{"row":138,"row_count":1,"visible":true,"expansion_state":0,"options":{"engine":"r","label":"unnamed-chunk-338"},"document_id":"CEE99FF4","chunk_id":"c40ht9203n9ul","chunk_label":"unnamed-chunk-7"},{"row":171,"row_count":1,"visible":true,"expansion_state":0,"options":{"engine":"r","label":"unnamed-chunk-329"},"document_id":"CEE99FF4","chunk_id":"cy7w7og5qkfdt","chunk_label":"unnamed-chunk-8"},{"row":182,"row_count":1,"visible":true,"expansion_state":0,"options":{"engine":"r","label":"unnamed-chunk-330"},"document_id":"CEE99FF4","chunk_id":"cohciowc5opp0","chunk_label":"unnamed-chunk-9"},{"row":204,"row_count":1,"visible":true,"expansion_state":0,"options":{"engine":"r","label":"unnamed-chunk-325"},"document_id":"CEE99FF4","chunk_id":"cf9d9kwrjldc6","chunk_label":"unnamed-chunk-10"},{"row":235,"row_count":1,"visible":true,"expansion_state":0,"options":{"engine":"r","label":"unnamed-chunk-326"},"document_id":"CEE99FF4","chunk_id":"cqxe5hehxihrz","chunk_label":"unnamed-chunk-11"},{"row":261,"row_count":1,"visible":true,"expansion_state":0,"options":{"engine":"r","label":"unnamed-chunk-340"},"document_id":"CEE99FF4","chunk_id":"cocmgaykvxez3","chunk_label":"unnamed-chunk-12"}],"doc_write_time":1673187642,"working_dir":null,"default_chunk_options":{"echo":true,"warning":false,"message":false},"chunk_rendered_width":700}