"0",""
"0","# Group the data by year and team_name and summarize to get the average number of goals scored per match"
"0","avg_goals_by_nation_over_time <- avg_goals_by_nation %>%"
"0","  group_by(year, team_name) %>%"
"0","  summarize(avg_goals = mean(goals_for))"
"2","`summarise()` has grouped output by 'year'. You can override using the `.groups` argument."
"0","#Filter the data to include only Denmark and England"
"0","avg_goals_by_nation_over_time <- avg_goals_by_nation_over_time %>%"
"0","filter(team_name %in% c(""Brazil"", ""Italy"",""South Korea""))"
"0",""
"0","#Visualize the results"
"0","ggplot(avg_goals_by_nation_over_time, aes(x = year, y = avg_goals, color = team_name)) +"
"0","geom_point() +"
"0","  geom_smooth()+"
"0","  theme(legend.position = ""bottom"")+"
"0","  labs(title = ""Average Goals Scored per Match Over Time"")"
