{"chunk_definitions":[{"row":9,"row_count":1,"visible":true,"expansion_state":0,"options":{"engine":"r","label":"setup","include":false},"document_id":"C759D41D","chunk_id":"csetup_chunk","chunk_label":"setup"},{"row":24,"row_count":1,"visible":true,"expansion_state":0,"options":{"engine":"r","label":"setup","include":false},"document_id":"C759D41D","chunk_id":"csetup_chunk","chunk_label":"setup"},{"row":31,"row_count":1,"visible":true,"expansion_state":0,"options":{"engine":"r","label":"unnamed-chunk-70"},"document_id":"CEE99FF4","chunk_id":"c1gw4w46s1a8g","chunk_label":"unnamed-chunk-1"},{"row":35,"row_count":1,"visible":true,"expansion_state":0,"options":{"engine":"r","label":"unnamed-chunk-107"},"document_id":"CEE99FF4","chunk_id":"csgu5xd1g50nk","chunk_label":"unnamed-chunk-2"},{"row":51,"row_count":1,"visible":true,"expansion_state":0,"options":{"engine":"r","label":"unnamed-chunk-147"},"document_id":"CEE99FF4","chunk_id":"cs9xzzt34qwtg","chunk_label":"unnamed-chunk-3"},{"row":68,"row_count":1,"visible":true,"expansion_state":0,"options":{"engine":"r","label":"unnamed-chunk-75"},"document_id":"CEE99FF4","chunk_id":"c086s4wrtvhlz","chunk_label":"unnamed-chunk-4"},{"row":78,"row_count":1,"visible":true,"expansion_state":0,"options":{"engine":"r","label":"unnamed-chunk-76"},"document_id":"CEE99FF4","chunk_id":"cgbvy4sthpv2e","chunk_label":"unnamed-chunk-5"},{"row":89,"row_count":1,"visible":true,"expansion_state":0,"options":{"engine":"r","label":"unnamed-chunk-83"},"document_id":"CEE99FF4","chunk_id":"cdzwkem1n882x","chunk_label":"unnamed-chunk-6"},{"row":98,"row_count":1,"visible":true,"expansion_state":0,"options":{"engine":"r","label":"unnamed-chunk-103"},"document_id":"CEE99FF4","chunk_id":"c5llnq8dhpy07","chunk_label":"unnamed-chunk-7"},{"row":122,"row_count":1,"visible":true,"expansion_state":0,"options":{"engine":"r","label":"unnamed-chunk-174"},"document_id":"CEE99FF4","chunk_id":"cdijwr9rxgyr3","chunk_label":"unnamed-chunk-8"},{"row":127,"row_count":1,"visible":true,"expansion_state":0,"options":{"engine":"r","label":"unnamed-chunk-146"},"document_id":"CEE99FF4","chunk_id":"crkxgpvgrvnoo","chunk_label":"unnamed-chunk-9"},{"row":133,"row_count":1,"visible":true,"expansion_state":0,"options":{"engine":"r","label":"unnamed-chunk-139"},"document_id":"CEE99FF4","chunk_id":"c56kua4hcwx3e","chunk_label":"unnamed-chunk-10"},{"row":157,"row_count":1,"visible":true,"expansion_state":0,"options":{"engine":"r","label":"unnamed-chunk-88"},"document_id":"CEE99FF4","chunk_id":"cx95d7zalsamk","chunk_label":"unnamed-chunk-11"},{"row":189,"row_count":1,"visible":true,"expansion_state":0,"options":{"engine":"r","label":"unnamed-chunk-150"},"document_id":"CEE99FF4","chunk_id":"cbmw83yg7xcwl","chunk_label":"unnamed-chunk-12"},{"row":215,"row_count":1,"visible":true,"expansion_state":0,"options":{"engine":"r","label":"unnamed-chunk-151"},"document_id":"CEE99FF4","chunk_id":"cq8h3mnxzn3ng","chunk_label":"unnamed-chunk-13"},{"row":277,"row_count":1,"visible":true,"expansion_state":0,"options":{"engine":"r","label":"unnamed-chunk-160"},"document_id":"CEE99FF4","chunk_id":"cw2bh9jeyrajn","chunk_label":"unnamed-chunk-15"},{"row":317,"row_count":1,"visible":true,"expansion_state":0,"options":{"engine":"r","label":"unnamed-chunk-181"},"document_id":"CEE99FF4","chunk_id":"cjtbkr2d0ic47","chunk_label":"unnamed-chunk-16"},{"row":351,"row_count":1,"visible":true,"expansion_state":0,"options":{"engine":"r","label":"unnamed-chunk-180"},"document_id":"CEE99FF4","chunk_id":"cfdgxfwkanyan","chunk_label":"unnamed-chunk-17"},{"row":390,"row_count":1,"visible":true,"expansion_state":0,"options":{"engine":"r","label":"unnamed-chunk-201"},"document_id":"CEE99FF4","chunk_id":"cjq8akgh8ymmt","chunk_label":"unnamed-chunk-18"}],"doc_write_time":1673094323,"working_dir":null,"default_chunk_options":{"echo":true},"chunk_rendered_width":700}