"0","# Calculate the average number of goals scored by a nation when they are the home team"
"0","home_team_goals <- goals %>%"
"0","  group_by(home_team_name) %>%"
"0","  summarize(avg_goals = mean(home_team_score + away_team_score))"
"0",""
"0","# Calculate the average number of goals scored by a nation when they are the away team"
"0","away_team_goals <- goals %>%"
"0","  group_by(away_team_name) %>%"
"0","  summarize(avg_goals = mean(home_team_score + away_team_score))"
"0",""
"0","# Combine the results for home team and away team"
"0","combined_goals <- bind_rows(home_team_goals, away_team_goals)"
"0",""
"0","# Group the results by nation and calculate the average number of goals scored"
"0","goals_per_nation <- combined_goals %>%"
"0","  group_by(home_team_name) %>%"
"0","  summarize(avg_goals = mean(avg_goals))"
"0",""
"0","goals_per_nation"
