"0","# Select relevant columns and handle missing values"
"0","goals <- matches %>%"
"0","  select(home_team_name, away_team_name, home_team_score, away_team_score) %>%"
"0","  drop_na()"
"0",""
"0","# Create a new data frame that shows the average number of goals scored per match for each nation"
"0","goals_per_match <- goals %>%"
"0","  group_by(home_team_name) %>%"
"0","  summarize(avg_goals = mean(home_team_score + away_team_score)) %>%"
"0","  bind_rows(goals %>%"
"0","              group_by(away_team_name) %>%"
"0","              summarize(avg_goals = mean(home_team_score + away_team_score))) %>%"
"0","  group_by(home_team_name) %>%"
"0","  summarize(avg_goals = mean(avg_goals))"
"0",""
"0","# Sort the data by average number of goals scored"
"0","goals_per_match <- goals_per_match[order(-goals_per_match$avg_goals),]"
"0",""
"0","# Visualize the results"
"0","ggplot(goals_per_match, aes(home_team_name, avg_goals)) +"
"0","  geom_col()+"
"0","  theme(axis.text.x = element_text(angle = 90, hjust = 1))"
