"0","# Group minute_regulation into 10 minute intervals"
"0","goal_data$minute_regulation_interval <- cut(goal_data$minute_regulation, breaks = seq(0, 90, by = 10),labels = c(""0-10"", ""11-20"", ""21-30"", ""31-40"", ""41-50"", ""51-60"", ""61-70"", ""71-80"", ""81-90""))"
"0",""
"0","# Find the number of goals scored in each interval"
"0","goals_by_interval <- goal_data %>%"
"0","  group_by(minute_regulation_interval) %>%"
"0","  count() %>% "
"0","  rename(goals = n)"
"0",""
"0","#goals scored in each interval"
"0","goals_by_interval <- goals_by_interval %>%"
"0","  mutate(percent_goals = (goals / 2499) * 100)"
"0",""
"0","print(goals_by_interval)"
