"0","#Select relevant columns and handle missing values"
"0","goals <- matches %>%"
"0","  select(match_date, home_team_name, away_team_name, home_team_score, away_team_score) %>%"
"0","  drop_na()"
"0",""
"0","#Extract year from match_date"
"0","goals$year <- year(goals$match_date)"
"0",""
"0","#Create a new data frame that shows the average number of goals scored per match for each nation"
"0","goals_per_match <- goals %>%"
"0","  group_by(year, home_team_name) %>%"
"0","  summarize(avg_goals = mean(home_team_score + away_team_score, na.rm = TRUE)) %>%"
"0","  bind_rows(goals %>%"
"0","              group_by(year, away_team_name) %>%"
"0","              summarize(avg_goals = mean(home_team_score + away_team_score))) %>%"
"0","  group_by(year, home_team_name) %>%"
"0","  summarize(avg_goals = mean(avg_goals))"
"2","`summarise()` has grouped output by 'year'. You can override using the `.groups` argument."
"2","`summarise()` has grouped output by 'year'. You can override using the `.groups` argument."
"2","`summarise()` has grouped output by 'year'. You can override using the `.groups` argument."
"0","#Count the number of matches played by each team"
"0","num_matches <- goals %>%"
"0","  group_by(home_team_name) %>%"
"0","  summarize(num_matches = n()) %>%"
"0","  bind_rows(goals %>%"
"0","              group_by(away_team_name) %>%"
"0","              summarize(num_matches = n())) %>%"
"0","  group_by(home_team_name) %>%"
"0","  summarize(num_matches = sum(num_matches))"
"0",""
"0","#Filter goals_per_match by number of matches played"
"0","goals_per_match <- goals_per_match %>%"
"0","  left_join(num_matches, by = c(""home_team_name"" = ""home_team_name"")) %>%"
"0","  filter(num_matches >= 11)"
"0",""
"0","#Visualize the results"
"0","ggplot(goals_per_match, aes(year, avg_goals, color = home_team_name)) +"
"0","  geom_line() +"
"0","  theme(legend.position = ""bottom"")"
