{"chunk_definitions":[{"row":9,"row_count":1,"visible":true,"expansion_state":0,"options":{"engine":"r","label":"setup","include":false},"document_id":"C759D41D","chunk_id":"csetup_chunk","chunk_label":"setup"},{"row":24,"row_count":1,"visible":true,"expansion_state":0,"options":{"engine":"r","label":"setup","include":false},"document_id":"C759D41D","chunk_id":"csetup_chunk","chunk_label":"setup"},{"row":38,"row_count":1,"visible":true,"expansion_state":0,"options":{"engine":"r","label":"unnamed-chunk-26"},"document_id":"CEE99FF4","chunk_id":"cfco2xbdm6n5s","chunk_label":"unnamed-chunk-1"},{"row":49,"row_count":1,"visible":true,"expansion_state":0,"options":{"engine":"r","label":"unnamed-chunk-64"},"document_id":"CEE99FF4","chunk_id":"cugbzzqf75xs1","chunk_label":"unnamed-chunk-2"},{"row":58,"row_count":1,"visible":true,"expansion_state":0,"options":{"engine":"r","label":"unnamed-chunk-80"},"document_id":"CEE99FF4","chunk_id":"ceox66efwgq06","chunk_label":"unnamed-chunk-3"},{"row":65,"row_count":1,"visible":true,"expansion_state":0,"options":{"engine":"r","label":"unnamed-chunk-83"},"document_id":"CEE99FF4","chunk_id":"cfmqg2whfb8hl","chunk_label":"unnamed-chunk-4"},{"row":83,"row_count":1,"visible":true,"expansion_state":0,"options":{"engine":"r","label":"unnamed-chunk-91"},"document_id":"CEE99FF4","chunk_id":"cscej542cygtm","chunk_label":"unnamed-chunk-6"},{"row":87,"row_count":1,"visible":true,"expansion_state":0,"options":{"engine":"r","label":"unnamed-chunk-93"},"document_id":"CEE99FF4","chunk_id":"cs5cfnd5gxozt","chunk_label":"unnamed-chunk-7"},{"row":95,"row_count":1,"visible":true,"expansion_state":0,"options":{"engine":"r","label":"unnamed-chunk-104"},"document_id":"CEE99FF4","chunk_id":"cpw58nz9z6cuk","chunk_label":"unnamed-chunk-8"},{"row":105,"row_count":1,"visible":true,"expansion_state":0,"options":{"engine":"r","label":"unnamed-chunk-111"},"document_id":"CEE99FF4","chunk_id":"cf1tns34uszbe","chunk_label":"unnamed-chunk-9"},{"row":116,"row_count":1,"visible":true,"expansion_state":0,"options":{"engine":"r","label":"unnamed-chunk-97"},"document_id":"CEE99FF4","chunk_id":"cqujkg44uka7e","chunk_label":"unnamed-chunk-10"},{"row":122,"row_count":1,"visible":true,"expansion_state":0,"options":{"engine":"r","label":"unnamed-chunk-102"},"document_id":"CEE99FF4","chunk_id":"cr3kzo2c7wb5j","chunk_label":"unnamed-chunk-11"},{"row":127,"row_count":1,"visible":true,"expansion_state":0,"options":{"engine":"r","label":"unnamed-chunk-108"},"document_id":"CEE99FF4","chunk_id":"c362xxaqdv7pt","chunk_label":"unnamed-chunk-12"}],"doc_write_time":1671126783,"working_dir":null,"default_chunk_options":{"echo":true},"chunk_rendered_width":700}