"0","team_data <- read_csv(""data-csv/team_appearances.csv"") %>%"
"0","  select(tournament_id,team_name, goals_for, goals_against) %>%"
"0","  drop_na()"
"2","[1mRows: [22m[34m1800[39m [1mColumns: [22m[34m36[39m"
"2","[36m──[39m [1mColumn specification[22m [36m───────────────────────────────────────────────────────────────────────────────────────[39m
[1mDelimiter:[22m "",""
[31mchr[39m  (17): tournament_id, tournament_name, match_id, match_name, stage_name, group_name, stadium_id, stadiu...
[32mdbl[39m  (17): key_id, group_stage, knockout_stage, replayed, replay, home_team, away_team, goals_for, goals_ag...
[34mdate[39m  (1): match_date
[34mtime[39m  (1): match_time"
"2","
[36mℹ[39m Use `spec()` to retrieve the full column specification for this data.
[36mℹ[39m Specify the column types or set `show_col_types = FALSE` to quiet this message."
"0","team_data$total_goals <- team_data$goals_for + team_data$goals_against"
"0",""
"0","# Beregn gennemsnitlig mængde mål pr kamp for hvert hold"
"0","team_data_summary <- team_data %>%"
"0","  group_by(team_name) %>%"
"0","  summarize(avg_goals = (total_goals) / n()) "
"2","`summarise()` has grouped output by 'team_name'. You can override using the `.groups` argument."
"0","team_data_summary <- team_data_summary[order(-team_data_summary$avg_goals),]"
"0","  "
"0",""
"0","# Visualiser resultaterne"
"0","ggplot(team_data_summary[1:20,], aes(team_name, avg_goals)) +"
"0","geom_col()+"
"0","  theme(axis.text.x = element_text(angle = 90, hjust = 1))"
