"0","#Select relevant columns and handle missing values"
"0","# Select relevant columns and handle missing values"
"0","avg_mål <- read_csv(""data-csv/team_appearances.csv"") %>%"
"0","  select( team_name, goals_for, goals_against, goal_differential)"
"2","[1mRows: [22m[34m1800[39m [1mColumns: [22m[34m36[39m"
"2","[36m──[39m [1mColumn specification[22m [36m───────────────────────────────────────────────────────────────────────────────────────[39m
[1mDelimiter:[22m "",""
[31mchr[39m  (17): tournament_id, tournament_name, match_id, match_name, stage_name, group_name, stadium_id, stadiu...
[32mdbl[39m  (17): key_id, group_stage, knockout_stage, replayed, replay, home_team, away_team, goals_for, goals_ag...
[34mdate[39m  (1): match_date
[34mtime[39m  (1): match_time"
"2","
[36mℹ[39m Use `spec()` to retrieve the full column specification for this data.
[36mℹ[39m Specify the column types or set `show_col_types = FALSE` to quiet this message."
"0","  "
"0","avg_mål$total_goals <- avg_mål$goals_for + avg_mål$goals_against"
"0","  "
"0","# Count the number of matches played by each team"
"0","num_matches_by_nation <- avg_mål %>%"
"0","  group_by(team_name) %>%"
"0","  summarize(num_matches_by_nation = n()) %>% "
"0","  group_by(team_name) %>%"
"0","  summarize(num_matches_by_nation = sum(num_matches_by_nation))"
"0","  "
"0","# Sum the total goals scored by each team"
"0","total_goals_by_nation <- avg_mål %>%"
"0","group_by(team_name) %>%"
"0","summarize(total_goals_by_nation = sum(total_goals))"
"0",""
"0","#Calculate the average number of goals scored per match by each team"
"0","avg_goals_per_match_by_nation <- avg_mål %>%"
"0","left_join(num_matches_by_nation, by = c(""team_name"" = ""team_name"")) %>%"
"0","left_join(total_goals_by_nation, by = c(""team_name"" = ""team_name"")) %>%"
"0","mutate(avg_goals_per_match = total_goals_by_nation / num_matches_by_nation)"
"0",""
"0","avg_goals_per_match_by_nation_selected <- avg_goals_per_match_by_nation %>%"
"0","select(team_name, avg_goals_per_match,num_matches_by_nation) %>% "
"0","  distinct()"
"0",""
"0","print(avg_goals_per_match_by_nation_selected)%>%"
"0","  filter(num_matches_by_nation >= 20) %>% "
"0","  arrange(desc(avg_goals_per_match))"
