"0",""
"0","#Select relevant columns and handle missing values"
"0","goals <- matches %>%"
"0","  select(tournament_name, home_team_name, away_team_name, home_team_score, away_team_score) %>%"
"0","  drop_na()"
"0",""
"0","#Filter to only include matches where the difference in goals scored is between 0 and 2"
"0","goals_filtered <- goals %>%"
"0","  filter(abs(home_team_score - away_team_score) <= 2)"
"0",""
"0","#Create a new data frame that shows the average number of goals scored per match for each nation, by tournament"
"0","goals_per_tournament <- goals_filtered %>%"
"0","  group_by(tournament_name, home_team_name) %>%"
"0","  summarize(avg_goals = mean(home_team_score + away_team_score)) %>%"
"0","  bind_rows(goals_filtered %>%"
"0","              group_by(tournament_name, away_team_name) %>%"
"0","              summarize(avg_goals = mean(home_team_score + away_team_score))) %>%"
"0","  group_by(tournament_name, home_team_name) %>%"
"0","  summarize(avg_goals = mean(avg_goals))"
"2","`summarise()` has grouped output by 'tournament_name'. You can override using the `.groups` argument."
"2","`summarise()` has grouped output by 'tournament_name'. You can override using the `.groups` argument."
"2","`summarise()` has grouped output by 'tournament_name'. You can override using the `.groups` argument."
"0","#afgræns til top 10"
"0","team_data_summary <- team_data_summary[order(-team_data_summary$avg_goals),]"
"0","top_10_teams <- head(team_data_summary, 10)"
"0",""
"0","#Visualize the results"
"0","ggplot(top_10_teams, aes(team_name, avg_goals)) +"
"0","  geom_col()"
"0",""
