"0","team_data <- read_csv(""data-csv/team_appearances.csv"")"
"2","[1mRows: [22m[34m1800[39m [1mColumns: [22m[34m36[39m"
"2","[36m──[39m [1mColumn specification[22m [36m───────────────────────────────────────────────────────────────────────────────────────[39m
[1mDelimiter:[22m "",""
[31mchr[39m  (17): tournament_id, tournament_name, match_id, match_name, stage_name, group_name, stadium_id, stadiu...
[32mdbl[39m  (17): key_id, group_stage, knockout_stage, replayed, replay, home_team, away_team, goals_for, goals_ag...
[34mdate[39m  (1): match_date
[34mtime[39m  (1): match_time"
"2","
[36mℹ[39m Use `spec()` to retrieve the full column specification for this data.
[36mℹ[39m Specify the column types or set `show_col_types = FALSE` to quiet this message."
