"0","  "
"0","# Sum the total goals scored by each team"
"0","total_goals_by_nation <- avg_goals %>%"
"0","group_by(team_name) %>%"
"0","summarize(total_goals_by_nation = sum(total_goals))"
"0",""
"0","#Calculate the average number of goals scored per match by each team"
"0","avg_goals_per_match_by_nation <- avg_goals %>%"
"0","left_join(num_matches_by_nation, by = c(""team_name"" = ""team_name"")) %>%"
"0","left_join(total_goals_by_nation, by = c(""team_name"" = ""team_name"")) %>%"
"0","mutate(avg_goals_per_match = total_goals_by_nation / num_matches_by_nation)"
"0",""
"0",""
"0","avg_goals_per_match_by_nation_selected <- avg_goals_per_match_by_nation %>%"
"0","select(team_name, num_matches_by_nation, avg_goals_per_match) %>%"
"0","distinct()"
"0",""
"0","#Then, you can sort the data frame by the avg_goals_per_match column using the arrange() function, like this:"
"0",""
"0",""
"0","top_30_teams_avg_goals <- avg_goals_per_match_by_nation_selected %>%"
"0","arrange(desc(avg_goals_per_match)) %>%"
"0","head(30)"
"0",""
"0","#Visualize the results"
"0","ggplot(top_30_teams_avg_goals, aes(x = team_name, y = avg_goals_per_match)) +"
"0","geom_bar(stat = ""identity"") +"
"0","  ylab(""Avg goals per match"")+"
"0","  xlab(""Nation"")+"
"0","theme(axis.text.x = element_text(angle = 45, hjust = 1))"
"0",""
