{"chunk_definitions":[{"row":17,"row_count":1,"visible":true,"expansion_state":0,"options":{"engine":"r","label":"setup","include":false},"document_id":"C759D41D","chunk_id":"csetup_chunk","chunk_label":"setup"},{"row":28,"row_count":1,"visible":true,"expansion_state":1,"options":{"engine":"r","label":"unnamed-chunk-14"},"document_id":"CEE99FF4","chunk_id":"cuvqhvfmqulqr","chunk_label":"unnamed-chunk-1"},{"row":34,"row_count":1,"visible":true,"expansion_state":0,"options":{"engine":"r","label":"unnamed-chunk-15"},"document_id":"CEE99FF4","chunk_id":"ctql887u5hgc1","chunk_label":"unnamed-chunk-2"},{"row":37,"row_count":1,"visible":true,"expansion_state":0,"options":{"engine":"r","label":"unnamed-chunk-2"},"document_id":"CEE99FF4","chunk_id":"cr1bglf3xix60","chunk_label":"unnamed-chunk-3"},{"row":68,"row_count":1,"visible":true,"expansion_state":0,"options":{"engine":"r","label":"unnamed-chunk-3"},"document_id":"CEE99FF4","chunk_id":"c4jwldrmq1ygm","chunk_label":"unnamed-chunk-4"},{"row":84,"row_count":1,"visible":true,"expansion_state":0,"options":{"engine":"r","label":"unnamed-chunk-4"},"document_id":"CEE99FF4","chunk_id":"cqoxx8uz1nv67","chunk_label":"unnamed-chunk-5"},{"row":107,"row_count":1,"visible":true,"expansion_state":0,"options":{"engine":"r","label":"unnamed-chunk-5"},"document_id":"CEE99FF4","chunk_id":"cib3i33krbfe2","chunk_label":"unnamed-chunk-6"},{"row":137,"row_count":1,"visible":true,"expansion_state":0,"options":{"engine":"r","label":"unnamed-chunk-21"},"document_id":"CEE99FF4","chunk_id":"c9ifrksj2z1td","chunk_label":"unnamed-chunk-7"},{"row":168,"row_count":1,"visible":true,"expansion_state":0,"options":{"engine":"r","label":"unnamed-chunk-7"},"document_id":"CEE99FF4","chunk_id":"c40ht9203n9ul","chunk_label":"unnamed-chunk-8"},{"row":208,"row_count":1,"visible":true,"expansion_state":0,"options":{"engine":"r","label":"unnamed-chunk-13"},"document_id":"CEE99FF4","chunk_id":"cy7w7og5qkfdt","chunk_label":"unnamed-chunk-9"},{"row":219,"row_count":1,"visible":true,"expansion_state":0,"options":{"engine":"r","label":"unnamed-chunk-9"},"document_id":"CEE99FF4","chunk_id":"cohciowc5opp0","chunk_label":"unnamed-chunk-10"},{"row":241,"row_count":1,"visible":true,"expansion_state":0,"options":{"engine":"r","label":"unnamed-chunk-10"},"document_id":"CEE99FF4","chunk_id":"cf9d9kwrjldc6","chunk_label":"unnamed-chunk-11"},{"row":276,"row_count":1,"visible":true,"expansion_state":0,"options":{"engine":"r","label":"unnamed-chunk-22"},"document_id":"CEE99FF4","chunk_id":"cqxe5hehxihrz","chunk_label":"unnamed-chunk-12"},{"row":303,"row_count":1,"visible":true,"expansion_state":0,"options":{"engine":"r","label":"unnamed-chunk-34"},"document_id":"CEE99FF4","chunk_id":"cocmgaykvxez3","chunk_label":"unnamed-chunk-13"}],"doc_write_time":1673196967}