"0","matches <- read_csv(""data-csv/matches.csv"")"
"2","[1mRows: [22m[34m900[39m [1mColumns: [22m[34m37[39m"
"2","[36m──[39m [1mColumn specification[22m [36m───────────────────────────────────────────────────────────────────────────────────────[39m
[1mDelimiter:[22m "",""
[31mchr[39m  (19): tournament_id, tournament_name, match_id, match_name, stage_name, group_name, stadium_id, stadiu...
[32mdbl[39m  (16): key_id, group_stage, knockout_stage, replayed, replay, home_team_score, away_team_score, home_te...
[34mdate[39m  (1): match_date
[34mtime[39m  (1): match_time"
"2","
[36mℹ[39m Use `spec()` to retrieve the full column specification for this data.
[36mℹ[39m Specify the column types or set `show_col_types = FALSE` to quiet this message."
